RGB Hex,RGB Hex3,HSL,RGB,HTML Keyword
#f6f8fb,#fff,"hsl(216,38,97)","rgb(246,248,251)",ghostwhite
#a0c5e8,#acf,"hsl(209,61,76)","rgb(160,197,232)",lightsteelblue
#ffc400,#fc0,"hsl(46,100,50)","rgb(255,196,0)",gold
#da069f,#e0a,"hsl(316,94,43)","rgb(218,6,159)",mediumvioletred
#1b4362,#246,"hsl(206,56,24)","rgb(27,67,98)",darkslategray
#068ecf,#09d,"hsl(199,94,41)","rgb(6,142,207)",dodgerblue
#3aa1cd,#4ad,"hsl(197,59,51)","rgb(58,161,205)",steelblue
#1c6ea4,#27a,"hsl(203,70,37)","rgb(28,110,164)",darkcyan
#5c6c88,#679,"hsl(218,19,44)","rgb(92,108,136)",slategray
#231f20,#222,"hsl(345,6,12)","rgb(35,31,32)",black
#1f5f98,#26a,"hsl(208,66,35)","rgb(31,95,152)",teal
#0c595f,#166,"hsl(184,77,20)","rgb(12,89,95)",darkslategray
#d1af67,#db6,"hsl(40,53,61)","rgb(209,175,103)",darkkhaki
#538383,#588,"hsl(180,22,41)","rgb(83,131,131)",slategray
#69194a,#725,"hsl(323,61,25)","rgb(105,25,74)",purple
#8a7064,#976,"hsl(18,15,46)","rgb(138,112,100)",gray
#725c45,#764,"hsl(30,24,35)","rgb(114,92,69)",dimgray
